<?xml version="1.0" encoding="UTF-8"?>
<beans xmlns="http://www.springframework.org/schema/beans"
	xmlns:xsi="http://www.w3.org/2001/XMLSchema-instance"
	xmlns:context="http://www.springframework.org/schema/context"
	xmlns:mvc="http://www.springframework.org/schema/mvc"
	xmlns:p="http://www.springframework.org/schema/p"
	xmlns:tx="http://www.springframework.org/schema/tx"
	xmlns:validator="http://www.springmodules.org/validation/bean/validator"
	xsi:schemaLocation="http://www.springframework.org/schema/beans http://www.springframework.org/schema/beans/spring-beans.xsd
		http://www.springframework.org/schema/context http://www.springframework.org/schema/context/spring-context-3.2.xsd
		http://www.springframework.org/schema/mvc http://www.springframework.org/schema/mvc/spring-mvc-3.2.xsd
		http://www.springframework.org/schema/tx http://www.springframework.org/schema/tx/spring-tx-3.2.xsd
		http://www.springmodules.org/validation/bean/validator http://www.springmodules.org/validation/bean/validator-2.0.xsd">
<context:annotation-config/>
	<context:component-scan base-package="com.*"></context:component-scan>
 
	<bean class="org.springframework.web.servlet.view.InternalResourceViewResolver">
      <property name="prefix" value="/WEB-INF/view/" />
      <property name="suffix" value=".jsp" />
   </bean>
   <!-- Spfing Form Validation -->
   
  <bean id="configurationloader" class="org.springmodules.validation.bean.conf.loader.annotation.AnnotationBeanValidationConfigurationLoader" ></bean>
   <bean id="validator" class="org.springmodules.validation.bean.BeanValidator" p:configurationLoader-ref="configurationloader">
   </bean>

   
    <!-- Data base with oracle connectivity -->
    <bean id="dataSource"
		class="org.springframework.jdbc.datasource.DriverManagerDataSource" >
		<property name="driverClassName" value="oracle.jdbc.driver.OracleDriver" />
		<property name="url" value="jdbc:oracle:thin:@localhost:1521:" />
		<property name="username" value="scott" />
		<property name="password" value="tiger" />
	</bean>

<bean id="jdbcTemplate" class="org.springframework.jdbc.core.JdbcTemplate">
<property name="dataSource" ref="dataSource"></property>
</bean>
<bean id="namedParameterJdbcTemplate"
 class="org.springframework.jdbc.core.namedparam.NamedParameterJdbcTemplate">
 <constructor-arg name="dataSource" ref="dataSource"></constructor-arg>
 </bean>

<!-- transaction creation -->
<bean id="transactionManager"
 class="org.springframework.jdbc.datasource.DataSourceTransactionManager" >
 <property name="dataSource" ref="dataSource"></property>
</bean>
   <tx:annotation-driven transaction-manager="transactionManager"/>  
</beans>
